x1,x2,x3,x4
168.31857306034337,174.07558359263135,163.23389695358702,167.5291306031319
169.30946753155015,174.99085174187138,165.74319182385082,175.63796733084536
174.67612494244736,172.38708570041328,168.1637429727256,164.26525225707806
170.21152517427373,174.59010364341708,164.78119466222213,177.40509298543003
170.38786320548283,174.34605065885967,164.20310268117572,174.58095606229202
175.14519496064983,172.0204077601552,165.61407934483773,171.67565508552374
171.3827486179676,173.752787896387,166.57997492668238,172.87337664237216
166.2048162961804,174.77677850275978,163.76433738889298,171.01809830943316
167.9394414443194,174.8569016128254,163.53682724250976,167.76479403989205
168.6630140897001,174.59868475183796,163.62751903292963,168.2823703622229
173.6722453923184,174.84711115290523,164.35260333656126,166.98082101764595
171.0794414811721,173.54476518089422,166.3819674929365,176.1933625923611
171.20231435178215,173.33995295370593,166.94560123859097,172.9974602665316
170.33204814783537,173.2559723290094,165.8150326422046,169.45633121201868
168.33247659573777,174.53300362823776,163.24675870514614,164.30571517623554
175.36073941040922,173.78575135550628,164.25084663681204,171.59927669279176
171.49355143468773,174.07813192722938,163.88951990421444,164.96725932985402
164.10014853011108,174.14209353554975,164.51335623311144,165.74193978585012
172.10406770469106,174.70518070747653,166.05055441718625,180.19393022349692
168.5816257768162,174.82399945408937,165.0505928041364,163.0200888820781
166.79652888203947,173.93959782413404,163.10197124182312,165.58502501298756
169.3460752560251,174.92861670249047,164.48749803227568,167.09596935049888
166.92198665507829,174.60481269260092,164.2633164551271,167.02122156617432
167.81332631212658,173.72235054848485,163.7814161880166,164.3723730900358
168.12488219645223,173.2484132981755,162.78340696719962,169.06137255603323
164.93992006777276,174.68192808713465,164.71060791701782,164.80978978424451
172.51336113348358,174.59385411671428,163.0214751280723,176.71230273286818
170.46011935350955,173.8057601069717,163.39812524343748,170.61756462643197
166.58558918896415,174.19170451507438,164.75626001126128,174.29073895076817
173.76144476320977,174.24815522889566,165.91624261654363,162.9728603830364
171.27939266443045,173.562123572954,162.85102788826828,169.92771451299612
169.11478555102318,173.8173853029417,162.94408506355634,172.72787840432565
172.68537698313506,174.9027944205355,166.8683168239539,170.49056044508833
172.63440046259913,173.88281555831134,166.16227522584876,170.08798314589615
172.46474324491246,174.81068665174732,164.49210369791453,164.8285993996512
172.06592076230027,174.49078869067648,164.63457432956918,166.8564143518525
171.66175296061277,174.01546994881681,164.90096531108162,167.97549296365105
169.81426486826985,174.68786677729884,164.01546133344334,165.988143918701
169.08211200878026,174.50914865472177,164.0715509106584,173.81903578078078
168.85858699696286,174.9432666703534,163.66198845021435,178.79806467935018
167.91587906323846,173.07705011745205,165.83095701970927,176.57590040872972
169.3762481659412,174.88241819038765,163.45593006794573,172.11420114386672
166.2038109452952,174.40975986363674,164.29932952407594,169.40846154872577
176.50686789601554,174.0493658591807,165.10222769081605,172.8800286415407
173.62388599491499,174.664602008055,166.44579526097712,166.05692896304652
166.63067425038994,173.39215870461246,166.07429603088602,171.32458556247687
168.79134549410279,174.3607907437518,166.3701779622377,170.83233099010548
168.60003393913036,174.34087609251324,164.65503416477173,158.27488392823722
172.33989535500896,174.49262099364208,164.00551019524377,179.48318509803423
169.74989280058452,174.53326224245205,165.7630844024856,163.34219282580682
170.75995554198425,174.03278011291448,164.87933894766107,156.87061180220516
169.9143597339539,174.15868431249473,165.29614647786576,169.99828763926425
169.87138862812606,174.85830115554782,163.28935053088122,170.53706147343817
174.10580685204337,174.01106071524424,163.3957219124391,169.9599728438484
169.3226870430222,173.6722024400885,163.33466728302145,170.70282306924065
174.54941181328863,174.31278610975943,163.47505971752508,164.0753633100933
165.35374158730934,172.64181075251486,163.4066360502034,172.96248552078424
171.7538412489082,173.88979024481128,164.11245950556497,176.9034379067153
170.37156273153383,174.96013735275082,164.126168883295,165.80635708224705
170.64782470623192,173.56158242077666,164.42619627022927,171.5293711814639
171.13891844827964,174.45380718748686,164.3824575425099,168.6454984117641
168.4930296406721,173.62046236370477,163.41120387001584,169.69607047724563
169.00037784899175,174.26469137653575,163.73931723063194,174.87854227430128
166.94427385067874,174.979591321908,163.51478729383325,171.38884104720174
166.78462632057327,174.80512895791094,163.80180023686728,179.65920532940197
170.91058592421277,174.51717998126858,165.08870422858874,168.3385469676258
171.34462933588827,174.59785890932667,165.31996926280917,177.40971646582358
170.15901268019152,174.02540716286146,164.64488861128936,167.72172217939038
172.76680240363922,174.14729988417466,163.63688427648142,168.84338799168756
176.15025405688144,173.43478829380805,164.3425409725191,168.36441186392656
168.52690650183038,174.66374576466006,166.17616158647206,171.43951014989557
163.07249337307758,174.92447089627464,164.0020746698501,172.33267113403585
173.01721557338678,174.76027633695682,166.256359370588,170.72580543400815
167.87239771225282,174.0753509312802,163.48722301197174,172.99662667057947
167.93597415059793,174.4324294621072,163.49308517046396,166.09033828800534
173.0767141090901,175.00687084073252,162.9654719425463,168.80560741906342
169.14568097884697,174.39873243451322,163.79210452227326,173.26067673621486
166.3378468632364,173.59550364761054,163.48657220771744,175.19039285559094
170.54391043924744,174.65067666105,165.1562132305992,171.69170551382516
169.58332591268285,173.87263709464824,164.65612338770472,173.54694912757913
170.01729255769965,174.51301579629603,163.66960136273272,174.20030579232275
171.155841203379,174.94184958083295,163.61740857142473,173.0465449753434
168.88801990462278,174.48520933614606,163.19686767450423,168.88141166261195
171.9331296455565,174.60127413779196,165.289920020477,169.17828040847704
169.33854031454374,173.61553010564919,163.15268696066028,173.10996916193102
170.9953458917471,174.52645364854618,162.98410630319168,167.7230808818973
173.29051703944805,174.03385538398064,164.12201185499737,169.3400812138618
171.3055444725014,174.84908720224342,165.05400093411293,169.5409649589789
169.02220524340632,174.42608755727386,163.54394410858373,162.06595496604544
173.4464228553533,173.27700690943922,165.9880633253314,171.67094449003469
172.98051156788637,174.92222685343512,164.72746136062787,172.85003421288098
171.6451908785242,174.98765298650574,166.9758336560511,169.69448316480933
170.71619520533432,174.31668743217554,163.4749838295915,178.97033599972184
168.1162817718819,174.1997440660569,165.46081528949273,169.12108815415382
174.08195734559,173.70969778462774,166.48121681448657,172.89399618392142
168.1992212385586,174.54352851247404,163.71361137931,172.66299064119116
176.56199897904972,172.80085182070414,163.40435654443831,173.92339528925098
174.59783187855558,174.12729774305728,163.45787971095803,172.088560434082
169.29289892269858,174.25203142820538,164.8911997382936,169.04359709767928
166.92073729907966,174.17049786574458,164.10505340556728,172.81676624580248
167.8687803089021,174.43191162185025,164.696568567715,171.267611704066
170.7706511274696,174.20011287285098,165.0643406302382,171.2176107008402
169.25992436461289,174.29820720536776,168.02822803627936,173.5979512495756
168.9573722018068,173.94004358886642,164.3666678666801,173.86366490117555
167.14514429820494,174.49197127067816,163.56248888520219,169.95738567861886
169.86491682557323,174.82702624676952,163.81923642770835,168.05465422509124
167.64528659162877,174.8143379832145,164.42859720020894,176.64116677063845
164.9961741902356,174.80923386047485,164.88490141425808,170.2650627613111
168.85932043913672,172.92966607138428,166.6788236264764,168.11867421017166
172.7569898271823,173.94634062476166,164.54198249446014,165.26880826560898
168.27395911217482,174.6473948822485,163.46499221278853,171.34994741654734
171.8238929666751,172.882657488171,163.57107935558685,171.9357529366225
165.1463518751325,174.553237421996,162.95158014418678,164.3097369941435
169.83331410342637,173.82144468852422,166.93788646464915,163.25822755232713
171.5582216118304,174.57841628791525,163.9715964020126,170.92098559769306
170.90346008650013,174.01940648520554,163.2735056176398,165.90550172334497
170.31702858244682,174.95748338347147,164.2061302603796,176.74307649991536
168.07788197508387,174.92527234401024,163.3065222301101,164.46400297963496
167.45088696189924,174.7182637375723,163.47321031297295,162.25548442748445
166.92761362818527,174.25252976732673,164.64847605656695,169.65076029944802
170.35293979130037,174.22188167867688,162.99999350273316,172.34002545210757
167.1575761574456,173.6309920244906,163.10747470308402,170.7844057287487
168.528327668898,174.30575147339886,169.24461941004566,169.39570181357604
169.23172342340527,174.78085348504518,164.63332282263053,171.89400412663372
175.53158601569663,173.57267847332147,167.58557153217527,166.15807178028146
168.04415029491363,173.90919302711555,164.01901513161403,171.13495966721405
170.70615971685456,174.54165805609807,164.86489007636067,165.83156366613852
170.23388254869113,173.77820610790428,163.63025119691483,165.9780257263701
167.1144300976096,173.8578894136977,165.21057708474305,170.53357734295935
169.7860757416292,174.87565267612425,163.60101306852354,172.0573245425754
174.33365257527004,174.2102559939881,164.9170830910134,165.65439217477874
171.35451215923766,174.75870137924986,163.54356849790386,162.2451122376025
170.12369876597882,174.85585350878,164.30845495832978,164.86825011162193
168.73250950298112,174.47960083975573,166.76561047795937,159.99898506072228
163.84025833537845,174.91750174876452,163.52885625108922,170.64508592666544
173.39401164024252,174.07823821353688,165.412074722368,172.92384385131535
165.61807978722553,174.60483528994473,163.6559228348481,179.00964572586736
172.21984253263201,174.87594483030816,164.5008775145953,165.52635809306395
175.72731070765246,174.88847703215728,165.18558013247386,167.6373109360422
165.6683205170846,174.89560640017274,165.3409218731044,169.4574559959005
172.10535300612412,174.52595559845452,166.64839543485783,171.1879151735312
169.2134075317926,175.085294077032,164.29310781772054,166.00825842809644
165.28356752256354,173.64301294707323,165.68252170832642,174.64666089831738
165.45599703865474,174.81518442630073,166.99521762944144,168.10155419932147
165.19539147927622,173.03644505650817,164.51319494036207,174.9258528724432
168.4072804334891,174.22999754504977,164.85710570641453,161.85390846386179
165.6147332450123,174.8623032038904,164.24364930212087,169.18882667335194
172.06375031892748,174.90947664207852,164.50334314681217,171.72887365461105
176.30032682157702,174.73380406038376,163.0632003711116,167.5390453781232
166.13890857189446,174.88796729274637,163.60685621607547,167.6065661508936
172.36321654242553,174.2733276549639,164.03956635819597,166.81132869944963
172.30712672300274,173.8312002230851,164.6852958081791,170.51710353420637
170.99660773685036,174.53301365779237,166.73095616927017,176.31149179630842
166.97487017516897,173.77575848674246,165.04514176715153,164.87850444316723
169.64164218010802,174.0580588335634,163.74949530944806,169.5049827047546
169.15881399448926,173.69384378389523,163.26752527048322,167.58716567682333
171.68896859966145,174.33477123191787,163.6515850320116,177.0660161073733
168.8826837316885,174.49334831725272,163.6873283973433,179.6386409120095
172.93092016005687,174.43567139180948,165.191225361847,172.5036656391954
168.87625742669897,173.71366310625663,163.4048247595776,170.33155437556337
173.158134396738,174.5502973765091,163.6963484817564,176.83124901494097
166.85246898000182,172.8764792106283,168.72506240432483,167.6919243418092
166.21953426572566,174.7364508316657,164.87686396313018,169.71589809264822
179.7231198048272,173.82483523221234,165.74156590647837,175.25114289572733
168.7494272355187,174.7644679970657,164.35617758849062,170.52856867698745
170.89468277462214,174.22365108934096,163.50353796747882,167.62293576680975
171.90970902210154,174.7241770400805,164.0911970855055,170.92493175922712
168.54865812287377,175.01165903375724,166.33929265076466,167.76183087246505
171.55058613294082,174.2602450025173,163.96097227365843,179.34959211443388
171.10689358215527,174.82106459511795,164.00473729405573,168.08388196453654
169.3538584770749,174.68477484389942,163.62934752070137,174.70381291177839
170.19587910057595,174.47132013013112,164.54053494729342,170.0057018969901
169.89779823878462,173.5373060379372,163.9988092235586,176.65175518367343
176.38535569704854,173.80926203034775,163.57214044910066,174.65362173655697
167.77599171118152,174.1186825968384,164.9634076921647,166.7562153622245
166.712011198776,174.94925596365508,164.8002803666948,171.4102879773607
170.11336519751325,174.1522664810073,164.06277434722227,169.27091785935252
170.9314422483294,173.9655153352799,165.07100508921332,172.51391429076645
171.30957043673055,175.09592854099918,164.67186956391322,169.768195446918
168.6249040018667,174.20611264424767,164.0062333308684,172.35167326629207
166.81002159808642,173.0967544690982,164.9137942455642,169.41510447959743
173.78955552826847,173.81104694328167,163.75015406486423,174.77821201300947
168.95104883613934,173.84587776075142,164.00568789869436,171.56583471613968
167.4034614120399,173.6393523655771,166.36204221003223,163.42067286572558
169.2911612931767,174.5054939261632,166.0429148557467,169.8963516028122
169.40847231695435,174.59744729050223,163.66021935039913,168.31668547633313
173.32976086914093,173.80191496811614,163.2061227150606,175.58218369321386
170.2542118765916,174.0213454575889,164.70854333722173,164.2416533156963
172.26216135555356,173.7773108861198,164.14189336861324,159.77502516149062
168.50212394848322,173.77853428168402,164.85501599550742,172.33837664823676
170.6433359287448,174.5266121438886,164.31760731380345,174.70981032061334
169.0259422655275,174.52144778181096,163.22661499268656,172.26455178058353
170.2837505845207,174.49301300053872,163.1942187890298,176.76391325257427
167.31390992606737,174.84403226185822,163.580453511837,174.509778438525
166.06759540001607,174.3559192395328,163.31804691303364,165.34844934209607
175.9916401542439,174.5729240151399,165.26166059959792,174.65262497173413
171.80212647101726,173.86001876484593,166.33971958189355,167.0561167958052
166.24618591512518,174.2953809177174,164.66954973863906,175.52543779022702
168.16650224995874,174.47252214432234,165.024594089717,174.9644095381617
166.44355974620808,174.87008801469779,163.74886645060096,169.7510597992715
176.59643104665116,173.96054262350003,163.92838392322204,175.3396857917329
173.93723892930052,174.31544858959455,163.5994754429566,168.66051238904564
169.20456482991094,174.68675067821144,163.6652838238221,175.05502799541168
171.62958217769628,174.33216929701734,164.38057883110355,158.4678272490482
168.75698015624343,173.32085923640093,165.24466797266422,164.74303860430842
168.57125931615326,174.89658890872212,165.69946900288733,170.73778712275944
167.63419148644928,173.77975636768713,164.4878108981353,167.44670165135886
168.21614819762146,174.6757426293376,163.25213756942014,156.66020881703906
174.95272240201007,174.50038147022738,165.8647716123511,165.82384687811208
169.8379156247437,174.03338423686483,164.08972075907508,178.06979292896733
170.35773570928276,174.78091846598633,165.32518120849468,163.9561055496381
170.7310622887973,174.66360460498154,164.3718754187467,170.83469020580034
173.69742763545602,174.30200960606052,163.53786086811192,167.53050677388134
168.45180850716565,174.93962222846554,165.85769097304632,170.09158000879572
167.0224785488239,174.91870592113332,169.28922016719204,169.11317526151538
175.02709079720958,174.32270629286222,166.49409728829926,169.32042880929123
168.67651034928414,174.49651371200304,168.39941421424618,169.38745922415103
167.83080209018038,172.2861362645591,163.69099400157276,159.1150320528753
166.29118064335012,172.79249542137413,167.4868963374883,170.00279792312563
166.1458528330466,174.59331812387612,164.1226201356109,170.64175982424234
168.27807956210603,174.90183479687815,163.17646874083303,172.06168343792314
171.85395745149958,174.32895958422466,163.78150866347633,176.83619586463237
173.32954441678916,174.7380581545075,163.22095685630416,170.18380070099423
172.12276506150675,173.39537890548917,164.1791005830894,171.35385947995934
168.90902810871424,174.45225778144484,163.59703642936748,162.86171845112665
170.1792498121538,173.11536672002413,165.29471695782007,170.49787340462834
167.8862106089598,174.06342417543038,164.3984378107464,162.2227406082117
167.84834551527797,174.4664587063392,165.97281668266086,179.99244652511703
172.65395149693077,174.04204305035967,165.60542403855936,168.21488715576098
166.95322226418938,174.2110237123379,163.22524014982514,171.76080445013173
175.8658818964774,174.0851692986103,164.45088441282095,172.2066789921498
169.72904121810245,174.4586524382178,164.88734882243227,163.46253509122639
170.64361647988764,174.59071932834868,166.8142510275051,172.33440428699834
167.78441688578127,174.8775815667122,164.07408426351566,164.63550027517093
168.27683393071018,174.88396663076165,163.2663793576671,172.29252833746602
166.04895160308428,174.79823047476984,163.53541675026727,166.90597454558662
169.45122383488183,174.04472930563932,164.07980817826683,166.60031304237697
171.2569472147734,173.31817019802753,166.53481351681472,172.07103091048708
170.97291303248414,173.93823292872128,165.17959077193987,171.8321364287346
167.65539053883575,173.159917026339,163.66325121632923,168.75546667752283
167.63413408743799,173.63780419211867,166.55623468091295,166.31835287738642
168.49340384497143,174.48085278895906,165.5102016155427,170.97002877717432
174.48818200953906,174.1816691098059,164.81675697824298,169.75623109059958
166.58808913800277,174.41416385326406,164.25484901507744,174.79750239936476
169.4628452168594,172.72595355500394,164.73119606159358,166.83958032046266
175.70708546503678,174.3074181781636,166.75550261190148,169.38466262991312
169.69707534401357,174.0635683002675,164.790290673349,181.35391608401102
165.92047788853583,173.89485376881242,165.1730896630625,163.58041787185076
168.0056916941778,174.04163907207837,163.01658374975537,171.58625711180127
171.45637993671463,173.92415137925633,166.11747635920582,172.05325257115547
168.8731913849907,174.20127010593063,165.6620345130346,167.75554750055827
168.31437090935066,174.0581880038249,166.69404673121736,166.45161968485633
168.96824829761462,173.7406262404218,163.83095384286798,162.71397969479727
170.27148994141766,174.69288609426846,165.19825953624985,162.91201774997984
174.79552631343748,173.91761052073699,165.6219947286049,168.67989654739642
169.73430466358334,174.86590595409467,163.40921777116642,176.26393404522898
173.24239848845454,174.16526671791004,163.53484983223473,170.26853842049314
171.8922623469517,174.6698754448767,167.75029083514636,177.72859853562233
169.65908031348158,174.6793336441281,164.56052959729115,166.98881855617708
165.4012939913282,174.90589656312252,163.83793367945714,172.89301300115656
168.43664804734243,174.90747856471606,165.9271819125409,170.62199302917927
168.5303886405846,174.43130765732317,164.8880724206114,171.81325045461116
170.14146329828458,174.9780635319559,164.4326844566798,171.0270076895446
173.90059603300045,173.56130312680133,163.0191118200074,173.88863786810333
176.8792369214933,174.75881478054998,165.006492191813,169.96134084279842
174.6427431769513,173.21354364084152,166.6738045508904,174.84251174561481
169.60054710701317,175.00673542647712,164.659552700849,172.45092458716115
164.73041781332708,174.52081830887175,166.44281394389117,169.9523133983317
168.83366040778478,174.80565565984315,164.63113388953494,169.43595006231112
170.2676216692199,174.7350333089883,164.6204802336473,163.61664394402982
172.5350390122023,173.8725116238183,163.43519821453023,166.75699700490424
172.8875839054528,174.83122642289774,164.05286291096542,168.68346218510186
172.0529282882494,174.7308731471098,163.42534056107175,174.67817154534617
165.8141769506016,174.8973769431762,167.0872458847633,173.9565950952324
172.54892913690006,173.4648119499897,164.53225310461474,165.96862493611738
168.66032835071834,175.0286981183065,165.03518298065956,167.61838638354396
170.52440810048375,173.9033308361695,164.27624287124635,178.68569699513475
170.2236535315212,174.17425635059467,165.72221408310614,162.93741452651892
171.2845002949115,174.6505665509517,162.8313908876482,170.89676031588365
170.0740249484784,173.91630481892003,166.18170333841098,171.38827979787297
164.99757470724302,174.2494101293878,164.9840291436753,167.49148388296152
172.20948789432032,174.9258976252528,164.9206716627497,163.13754770460395
171.15807970504903,174.55411115668602,163.37541045162553,168.03241274436937
169.20304512416533,174.0714375107587,165.48545446789592,183.44262165284664
170.35443353314005,174.75685627247896,165.07825833064925,169.45116611238475
170.4021159361054,173.72346968879185,163.55676140578709,168.88439516897418
170.66305840568302,174.29346755715395,164.14034480935277,170.8968346414389
174.92253849793246,173.3639983845437,168.397714397104,164.155920298961
169.34284886319958,174.79427554692325,163.7247951103573,173.75598263599946
170.50419615165399,174.99068402097143,164.63248430851075,173.5969805149142
173.50515161920728,174.12174048341586,165.1991989678503,168.25927412297776
173.16254307013077,173.5476858510435,166.8436568947382,170.29666922967198
173.43578933114108,174.19036486279745,163.06474385803196,167.4748076095789
168.26759599682134,174.2957621612916,164.31208073876084,173.44945865713686
176.00744819087848,173.1900994506114,167.28293046002898,161.7061061333885
170.20010261279054,172.85144475521003,164.31737723041616,168.8887450088313
175.6005555341206,174.6247950074213,163.10735470827055,173.11710827582837
165.94729194190788,174.7820335746722,164.4546022897282,178.43668219172247
170.06295075906272,174.5409987282772,163.15063957046863,165.4574924924594
173.74974371290764,172.70053290246724,163.59352305206968,164.4068895182007
167.8542734383316,174.66794624798993,163.66351208466804,169.45894494967337
167.74193309534678,174.58651111568068,163.3612362880698,169.71240382235712
167.18438388917932,173.30734085677616,164.445165911385,173.79021125957706
166.84246016198378,172.46091021770854,162.61525179966583,169.42805946493152
168.6885214004588,173.26727638436037,166.1067077655028,167.1299085828522
170.99353751887693,173.79821320758913,164.0169419023044,179.44969622631928
163.95736850623783,174.56440972507534,166.55702999687412,168.3542348000427
170.63594130011688,174.5747319215582,164.2301894969515,174.4043892159068
173.71002513924972,174.93437092177095,165.44726996370915,173.72208168829636
176.1127220547213,173.96403485567203,163.9093357286284,167.80128646206094
173.90352797660177,174.23470332706282,163.73010389824205,178.3121817918787
172.27032429138788,174.17045084725555,164.1402905812379,164.22100676625533
164.819808802657,174.66559217244014,164.71863937276183,165.31130630609877
168.19547987597966,174.44086589088727,163.16002411752913,175.83560899522402
168.94386063025215,174.63243365197175,162.97610475406347,162.21270880279005
172.1105717082707,172.94356711245337,165.42215061449826,173.18678599442086
169.68298599798868,173.6367927330769,167.5547372310582,170.98724757733294
166.22405411581948,174.86187844701948,164.09321609989993,173.69736660381352
175.05330712428236,173.5596791278346,164.92523289917062,173.90717946160095
172.73417387538788,174.07550651634753,164.69361284283315,166.67224540507198
170.71229081747308,173.80591368308967,164.17864297459724,166.57788845298506
173.65432583097743,173.2905417506765,166.29048456532803,174.0714780678982
165.9836771382951,173.93141350763347,165.2490697992374,174.44192013166878
171.9824608933694,173.2009418833106,164.21682827092573,164.43164133256715
168.43126287105974,174.06888152598486,163.16560271867877,163.84054152842234
172.05123656555213,172.85416758348413,164.56205980466328,164.62670089505343
169.8175341360198,173.5500813388642,164.15921996732627,169.92610469855282
171.89888213909435,174.283393260551,163.8161250330405,169.89469818056716
174.00655284517816,174.17298669946007,163.4931351480895,181.6379594213907
170.0218702709507,174.24293614171916,164.7573422402477,172.6878930888482
173.05267591085627,173.9787014325223,164.6913055390884,169.24533118670166
166.43469789455605,174.54145592507777,163.59564216469374,167.36029900250284
167.83518667869197,174.36463824884686,165.18515575933515,167.32471763149604
174.55765313416452,173.89002758596337,163.57502669330296,166.90064373452626
171.1321639190718,174.45916259044517,164.7242736082506,164.52926422707765
163.8433315386988,174.41837738245263,165.42781283355046,170.87382205492185
165.90788764375287,175.0085305076204,164.49675404502432,154.05406946782486
169.39765695323263,173.98679567525025,166.0181896154422,164.1527787906661
172.59733821300347,174.15757978366145,163.12351148886816,174.95781749923367
169.69435023285433,174.43961123714342,163.49280747643482,170.74598464167306
171.87256241606195,174.59277260811578,163.51229889769567,172.77315535211667
172.87701613336347,174.57816539155363,164.80613219992227,167.05154648758204
175.0131644865888,174.15143835561898,165.97295648520802,177.04782276603223
170.16805019982488,174.348443001428,163.54160401369617,168.51278161289932
169.8440542814573,173.65095070642116,163.2848467718183,172.93677406524773
164.7402879225732,174.23552766658509,163.12970643273673,170.0683663835932
170.2979827822635,173.63397138501762,164.53074901978027,172.3954725843826
168.2844498263133,174.53342299634494,163.82644856621124,167.7927307373595
167.0779712515877,174.49409319525893,165.1894918149939,176.22003902747977
169.46028130685738,174.91221985460382,164.6897939775469,167.4118313278473
173.04482951823098,174.8391166767678,164.84647685971365,184.29968316919738
164.02175453393426,171.8345885260552,164.61485488493614,169.19135632468252
168.71816213838372,173.2867841667129,163.81839965697634,170.63063246902874
170.34991185074813,174.74078285704738,163.22795480411565,166.89928198623969
167.32037728983514,173.91900275525018,163.46660071499673,173.66514312503537
171.00170882749768,173.759189508468,164.1863924917764,170.9443974004758
171.23428976184718,173.81890070603663,164.0963284427341,173.17665662619154
169.90089152217203,174.88589133443872,165.7875125079355,173.5658535464757
162.6023054187199,174.68737128292466,165.75395648234596,166.15556129275393
177.7143744375999,173.37497980820365,163.56569623263294,174.12933188486554
169.3841022275954,174.72741160899534,162.91338767382805,164.05056311099247
171.953579844763,174.70109416204804,163.67334459431905,170.76681514235318
170.82129947310963,174.88610247864443,164.71201426767527,174.56311083678546
173.07401970445505,173.65617580209096,165.04510089732943,162.04267787445028
172.45297833912227,173.9165801467146,163.45616661612686,167.79300195703635
169.37062048631446,173.50585071194897,165.8633748918149,167.98519523626146
171.1345033166255,174.50744767641763,163.04975663985581,159.68848640918569
167.16377350662833,174.01617161928053,163.87498202040356,168.98717561900835
172.57076903269797,174.1952094781961,164.39749770259363,177.03794344785246
168.61688498334695,174.75933475207847,164.21453640760413,162.9630296550238
177.25032006136462,174.9770811469828,164.19790828136564,164.50274147916255
165.04685331293544,174.73644735096158,164.57983655054477,168.0346225347132
168.60803827110195,174.18910445091737,163.9052864634167,169.70268477806286
172.47613958827773,173.78178533614002,164.0036326478231,170.52462703628618
171.53039764063598,173.65469959990068,164.6541262725705,170.9449760904915
168.231556884455,174.24136311602058,166.03590773212358,168.60898774226126
167.00965777337743,174.94147143052285,164.30761735712218,181.79598458677367
170.4334271141321,174.438444542642,163.1364970010104,167.76182730574908
169.95707776049926,174.55372230585547,163.97333836967044,163.32321650105573
164.6291562882078,174.30740103866347,165.62305222962328,162.17609256992893
170.10365320140156,174.04176644720457,167.33157213062339,169.0026022144643
170.57069094707737,174.95904437682123,165.96357486837007,167.30158141716365
170.52417919094552,172.72109291203515,165.32255703169884,175.24784360177324
166.83494887219194,174.77592087197164,164.0086198428869,169.06404284209
171.42839983490788,173.95244743529872,163.50080619496802,170.39601029839812
174.13571041087772,174.26276594363475,163.01171662723607,161.911735005119
171.36870920953945,173.0324289402166,162.9580505436036,168.80031008342203
166.59323458887698,172.86536402866457,163.5028513009259,168.64056538198506
168.69306359092428,174.4629276282011,163.68374303977373,162.98481745488255
171.03831085866082,174.99213980793806,163.80832642453402,165.4352417498575
168.05886310604518,174.7775254876167,163.65480769965524,165.6340422265536
163.52706099495418,174.7855551657508,165.52727827432966,174.13596588921394
172.65275246008463,174.72667068842605,167.56044613162518,172.790134412571
167.51156716512645,174.4231576918996,163.0874843599817,173.47212474987552
168.27931918769517,173.90790257849696,163.14723955480935,177.02910765367005
174.5117018270136,174.4551594362976,166.45418641356417,168.39302704747078
167.67756521118378,173.5064880994968,166.3767582123515,175.91528455075633
172.53719462056787,174.8257459380824,164.75190746023503,168.671326631992
166.21795136354368,174.89259641363938,163.90132735026765,175.78089934220978
168.93637279077808,174.6196517935001,164.4404939008617,163.73476987952472
169.77933194259057,173.75703280804623,164.46384080008232,166.97898519578152
166.49404572672694,174.85920523850518,164.33282737622946,174.56707980383086
168.09575520527326,173.39481022969596,163.37646287246895,178.28728173936423
169.91347534121505,174.63546055909325,163.1516981691967,169.80561208082747
172.0120879062018,175.0454823468584,163.13761834950816,168.3435427390796
165.04836036972466,174.74633292292242,162.8303139766823,173.13033420410906
168.9507372823662,174.68907682389087,163.25565024619326,169.39678207699075
172.26921931563646,174.35442471155517,165.7519143459529,170.0681284919225
168.38357252006722,174.5610974664984,162.910098914572,171.2610674222343
170.68187576501882,174.76248637871285,164.14634950228105,175.44753069973902
171.4766857101933,173.66232760995987,165.42111443731056,164.67217049916894
170.80350504599505,174.89794153089304,163.34823508759385,167.79372595584985
171.95977303841414,174.6337374336963,164.11679589795853,173.0015982320599
169.63187401706787,173.50696324481143,166.1210800424624,159.28121049860994
168.75897045922363,174.7677401369305,164.25563300365997,176.47721576841496
162.07055314391306,174.950011167022,163.4146960436215,166.7570014949342
169.7211769445616,173.24232637900832,164.3270685331144,164.77818763455122
171.29085408907997,174.90368333016028,166.73352832996355,170.83788168619125
171.60619652260445,173.03099598520345,163.8867085624347,181.16888706795766
168.33416494606024,173.6801603447945,163.49316887302672,166.6385903351758
175.33850872932544,174.59750216670727,163.92241372785142,162.52691840477462
170.85927325888647,174.8133035930025,163.3076839881672,169.33419950767873
170.37894757537666,174.19006984194334,163.42156606910416,175.8511689193281
173.81680033840556,174.67915331909006,166.19968132486517,168.61444856050417
167.84460133604222,174.7649165129729,167.86322950132407,172.99867822334983
168.64898412822586,172.2787276405994,165.22938485436865,175.7830453254888
177.1923574401493,172.76183085147665,164.12263333191498,161.43081580121623
170.03338756166266,174.2410823125175,163.33094002333542,173.00036987672283
174.9007052642249,173.49209046653795,166.04472964464412,167.41463872935884
165.68448006525642,174.9164638949856,164.45412124287108,169.70203769566191
169.4284495938713,173.94278133039512,162.9820710299884,181.22505106321486
171.1352717109105,173.61304173874947,163.28397395567808,171.26134164431338
170.9001156356174,174.80304524070914,165.22678165534023,174.05389450243698
166.98309122146748,173.8722834679804,164.10183926569832,165.05171123352096
170.0577778238761,173.42479891977754,165.41060381795566,172.15088862468943
166.76773804066406,173.7288388638852,164.82052423117545,169.38215945895678
172.13810997573285,174.8351272436733,166.4230637176462,168.84035331147984
173.25432526958193,174.3756004127424,164.26379139345838,172.78973828497644
163.32503691053776,172.72242122568593,165.94765807524223,162.4785231513933
173.70708038690043,174.6838131831346,163.2741353801841,176.95263884514495
166.27686650957452,175.04914706658363,162.88066814878042,181.41318003134117
171.3643078069479,174.31196542796096,163.0821196379201,167.79399709610047
171.97970791442782,174.43488946305234,163.43937307812377,172.59402286919462
169.4003305156957,173.8225143099554,164.47669259913454,180.26930575884
168.06465812942062,173.9710076901035,163.04064198569122,165.5897045135022
170.49596306372615,173.62640819059746,164.55727798382412,170.2356323970529
171.31645610214335,173.87241521056845,164.23368127163351,181.54317318114812
172.6499084598461,174.29936957357504,164.2905772326087,165.37369765314463
163.84298904829413,174.85553730882708,163.24222416367087,174.77739410761893
165.09086219582292,174.6710502188215,164.73661811632692,172.36750505126707
174.29120702356454,173.4963948424393,166.57688397357737,168.1843527153095
173.13988654133465,174.85853840162687,165.03812775069062,171.80926839240706
171.30586684672303,174.84490484797166,164.43692151912032,168.33903954053037
172.14553522133318,174.5461215814634,163.8659992196609,173.8019232953233
172.75152475292302,173.90916187036427,164.92557668671236,167.45215257392533
162.01723160460296,172.6265892279517,164.46210921035592,161.2142383941625
173.33083128991646,173.9775209974078,165.75527876085224,174.0659885890306
168.545037210313,174.77720464590976,163.5623157758482,175.66163660441904
170.6918504918936,174.84343071782038,164.35335865531147,170.55769481739804
169.11452659734925,174.48499196838958,164.19672727448847,165.84936680518223
172.61589486223625,172.59637185017317,165.6607637747745,167.58704993639012
168.95458265313317,173.43486205865327,164.92365131672744,163.4140784325346
171.55551129766474,174.72404893474516,164.45139521688643,163.06311992629088
168.82794506408305,174.80478806597756,164.91025304748072,175.66196726726372
166.72163837269548,174.35842264171922,163.74656595158604,159.70742736568977
173.63003153132078,174.72620327896118,164.7779474877271,172.7934674954039
172.22270003382283,174.4028849440593,163.81461857655142,168.07912485971255
175.17278671746936,174.45509250397376,165.5600461275268,163.37172222404004
170.19546179773792,174.32246513450602,165.3757205446881,168.83746245210637
173.3750082374845,172.87227879796055,166.94960516789757,169.05474350331207
175.92625716205723,173.7557088719907,164.3498945109847,176.011508384252
169.1555536548831,173.77023943301458,164.57181463785972,181.9941661647506
166.03114666173434,174.51907327021942,163.02397269813906,179.11454495799623
169.28194529858564,174.37049154895473,166.87648769980376,178.134957321143
169.35787628004385,174.39849906546672,163.6676770888557,178.07943179693942
170.45504151352796,174.84268211042675,164.343490914119,174.6436769835314
175.13691493195785,174.67608484866534,163.79377092256766,167.72741791332632
169.02156832248394,173.64684126146895,163.75019429494873,170.8558646230682
171.11901396741476,174.95483314580764,164.68766162788376,162.3470237044741
169.31694780531342,174.43891744568543,164.2846991098696,166.11083662073483
170.0613521255751,173.44091498143536,167.195326376313,165.63482742603293
170.9421729905188,174.55891257558278,164.0875860186059,164.5491434880782
173.98464408811097,172.94165291445617,163.26600155590717,177.06327945825856
170.36395513247234,174.2100699870338,165.263938935414,172.50023981304597
172.13852696009334,174.22050475638378,167.96476129941337,171.3225352736559
172.3365800893506,173.90965150188168,162.90792003347366,169.94336686008796
172.74431981256691,174.67184596135058,163.0775198048363,174.92967645828256
168.27681634344685,173.8121033375501,163.60008449199208,174.42318884299198
174.88064364258403,174.62578344972562,165.86947196759337,165.4756906821042
168.85712978211797,174.28150853471845,166.52552713915514,159.98087824282783
169.68264749705074,174.65679584581517,164.6401668842004,164.1076278147353
174.21215080314252,174.51359491950723,165.51990956635282,167.52564440485577
173.88225171843675,173.99497875259908,165.05544061219416,169.98378534066998
166.7300243827663,174.7655770479414,166.72198388621138,177.51702913431797
167.38078699874762,174.64706568815487,165.25344949176377,173.1738466743752
165.92576282188816,173.84372624954634,167.44932482743883,173.42722334303733
170.5455415778595,174.80275672320414,167.4977640847904,174.05239149785228
170.4945226037554,173.7177278181869,163.31173165557803,169.34787116494792
171.0923440620652,174.72694489947318,165.76410995596487,164.62958416570447
171.65647314265567,174.4949640733207,164.56610519711734,165.51228372647049
168.19432146204494,174.47376852601988,163.52052603492336,163.21384683818155
167.01890422670385,174.37850854621547,164.07979129661757,163.5365109690756
173.0803551682247,174.86717684796207,167.47098506275054,162.41396346835253
172.25318390781896,173.23992604885717,163.53523877522306,174.295880153719
165.47250038801388,172.99581411803962,165.59948192738614,163.92691233111765
169.71455764745215,174.12241887883283,166.96475315817747,173.09527690331876
167.3121565317305,174.5096866486422,166.82009946244557,181.72689965339626
163.7877467883741,174.64796273815213,163.33328906355243,169.00986043757413
170.45036039356444,173.83323951756648,163.91152090569776,169.07996164461832
169.76236487222423,174.25213583146936,163.26969810629353,174.19368763877992
169.70789219746075,174.79646449948237,166.70343839520436,169.92746227005748
170.6484576254037,172.93670211870045,163.61525037399937,166.18083384197323
172.64739549318975,174.52134695709125,164.27913353326056,162.90230828824545
170.61679251345015,174.74217844180367,164.95382021932315,170.46655934745652
168.15069247137941,173.0877168616573,165.9491083793201,167.8642474848356
167.79560224423616,173.93634140809203,164.97724566489373,171.96183734005012
169.60459162087645,174.35912233952413,164.6376843123685,171.4100691911829
170.93005095973686,174.0856257504008,163.61244082259165,176.49014197909958
166.88095894189388,174.8776980714932,165.09586953906307,173.0010941960252
169.44707339347286,173.93399275516506,163.35005375891345,175.68205646225212
172.90180178050375,174.91068963988084,166.6866649707433,170.34837206282734
169.67515972629653,173.37080850619634,163.92388400908754,174.07959350492848
167.90473799721684,174.4612052538717,163.13950353413054,168.7634260779115
169.17216449472338,174.9416119084799,164.67511906402018,169.2318154665568
173.34394563608595,174.3441013780084,163.40804011730566,170.37340470845805
171.65013188364242,174.82365938677438,163.49231148778176,164.44868191401855
173.71002740024483,174.06598607224848,164.4199808279823,163.97207757637455
170.41729357148532,174.96158476035754,163.80989327998688,168.5466938771731
171.23082528947128,174.88973878311535,164.15158749258995,162.99177228310776
168.3246292629556,174.76625037200108,163.40856182183649,170.47841294253948
171.816112006791,173.9552320815387,165.57136838298848,173.99158299248194
168.48099937343227,173.5321201648889,163.75628783681395,165.58776937051266
165.73830348591278,174.8568452150888,163.36242098627957,170.25994529361228
170.38397889705237,174.81162822797518,162.86099338193694,162.29508853098585
175.8375536531943,172.98086918875583,164.12455977768954,174.67437862833145
172.40274301871918,174.4348949036582,162.7031286858685,168.21412748841755
173.49576016983877,174.2435312678669,163.8711334694397,177.65259306130034
171.07656716927946,174.8735205470905,164.73440987304244,170.20904718033114
168.17432846505133,174.27497578309058,165.66473478933426,179.29929873898655
169.39327743466916,174.55013789487387,163.28203444148122,171.67443343565498
169.18025567956423,173.82586657251656,163.29344439771404,169.05167562895085
168.59390066065373,174.75844377829918,166.55670424250675,175.06032497697896
172.11250185178915,174.85418861864758,166.41891504957886,172.64974657002023
166.40790949290377,173.68734686902314,165.5658361144622,167.2224001329265
172.59909839633832,174.1769098371076,164.21223094226173,173.51125012137967
172.59245745867767,173.94110389080177,163.21324496759973,173.15436853890006
166.40413292279376,173.98964452457477,163.95717124749285,171.86458836855851
171.9184759937016,174.76098009700672,164.7690156712781,168.21768209537456
177.29067995703352,174.0415275723462,166.24289528723014,169.74886699713318
168.32835355417518,174.24535693896885,163.94079311724755,174.39431404453995
172.53471272422422,174.77449886237977,165.41592559833467,175.62343742619365
167.65339446314178,174.2171868862737,164.94220213791755,171.48945622172783
173.3321342546084,174.62140671388013,165.2170620420809,165.96562572182464
170.74947415977968,174.77886007410711,163.55637159156302,173.76906443815722
174.9557461748695,174.78100032192674,164.1039049036255,170.74946676551343
165.62308781438927,174.92762362726145,163.63088609892344,175.6868581588954
169.8461063416239,174.0538180380162,163.944593043781,161.99286974996556
168.4192244716232,173.69852780808947,163.9360752778178,166.27919923241933
169.4082053927711,174.59405705235153,164.17643195070866,172.663282206689
168.111263771942,174.4385210765946,164.2230118788676,163.23532508485386
167.498469258395,175.0041447886294,163.1012472559816,183.74345584796458
171.73616712384936,174.11410470005387,164.81324305108237,165.74101470794318
166.7372578577692,173.89378292242247,166.25417813068617,172.2360535531374
174.45209279466886,174.52565659966706,164.06914300170666,161.36012872496752
166.44138024405873,174.6974481930343,164.13848217308026,181.02525722561813
170.30323745418585,174.68928653986407,164.54963811455133,173.62907715641148
171.59896786047943,174.28450324311302,164.28945677057865,167.43046450602924
171.76020601727788,172.5085359654905,163.74770124205955,171.305658573007
169.09476000840087,175.0323559407696,164.0938157935502,166.4476141777422
170.2385059859852,174.74627648903493,163.242261917516,161.4027574302363
172.88379245542905,174.15779134441715,162.98465203569364,164.55270598624057
165.6306022487707,172.85293534010955,164.23998785890495,165.4429035582928
167.65478086540375,174.88162019166464,163.03551918582966,175.7067244816156
170.96120694294984,174.41978727188734,163.19757812176638,172.3310439412349
168.665654064989,173.94915500373605,164.87022458196466,168.14805845982795
174.110011981913,174.3944784748776,164.8168082932584,168.71871069262335
172.01976159006452,174.40754569147038,164.88126828555372,175.36132732674756
170.21650025724426,174.54805924095965,163.57594464772757,164.97898372760008
165.47672804738997,172.82992608735216,164.22773697355618,172.9970165134789
170.07830067597874,174.63436430217428,163.67891973542018,165.32817294136814
169.05075239540903,174.64203777511705,162.98224820196793,173.5832689801549
169.6929604594382,173.95677965992925,165.8013821268147,176.28470131494862
166.45532231883294,174.8073805839977,164.9924608202151,167.81311901749183
171.49597413148976,174.93203570441383,166.09490977823967,172.28414843823182
166.8831306790789,174.63187558356512,163.74954777124026,158.97221555221233
169.32133405567276,175.08268624893455,163.1389769457653,171.6192266679573
171.14427748835405,174.42691313884578,164.04419403935307,171.57199757780734
167.64945263296084,173.43069096958675,164.18884713401104,172.12816689522654
171.7489742170402,174.8206929688513,165.058627968167,176.0816706679737
166.05046879504494,173.88159325617931,165.01407189544898,165.23218787766808
161.5706759631184,174.02518087484626,163.5287568397657,176.99687803381565
171.39490397235755,174.620657283757,163.66523946123579,165.1966154403624
172.521619480883,175.1105637057088,163.8772841162674,161.8251772024427
169.14246372922585,174.0882954409166,163.50750926648382,181.02956135679366
171.51237876377482,174.36843505516208,163.07931354166683,174.08219127851956
166.53225042474898,175.018826022252,164.47723208230352,173.8173745272293
169.61855417952302,174.6239336808335,164.5570097658809,173.15608478320274
164.17544487187814,174.708756319101,164.15022197719463,168.95644172406446
173.54354267431557,174.8620336703079,162.92366564856567,175.043389054504
175.57973258462948,174.78754619103162,162.95085133073002,177.1798385208181
173.22203678084597,172.75393097608472,164.11737995956585,162.1915547391527
169.91795910075876,174.61566667458683,165.16036957543713,164.28486819472968
169.90000897317225,173.76536658535758,165.1465450393849,166.38701703369745
165.4517971305467,174.37449518233063,164.66249229064587,172.62915817128456
172.3711560316647,173.99848745234652,163.1908608964014,158.27928205515775
169.36779745792467,174.8678401987726,164.43814188296642,169.21285259730277
168.02977122391678,174.30138206934674,164.99998825500072,162.7457459585701
165.76392262202506,174.3610903777643,164.09377086538018,168.27404149763473
169.1007125100612,174.37959584202167,164.79839237726094,161.96504763298327
167.45281659494987,174.76920498900625,163.78896202960075,175.85226026583217
168.80890843901648,174.75101401902475,165.00979433480435,168.61982449194727
166.3472000367092,174.93143196431453,163.92500409286495,169.02647069001952
175.0627684488371,174.10692082863204,163.44260888107405,177.46047597021212
169.95199241837608,173.59612369717055,164.2706889306742,165.6759255146462
173.22483523181717,174.788811063033,165.42846321402996,162.26719697689592
162.19490098922705,174.03750138277016,163.26360764603842,166.90317624396477
168.64040651001548,173.57142169226367,164.52893569506415,166.73639038767325
167.9735531252238,174.33345025196087,163.9712439138892,171.75178307204294
166.33122146190226,174.52598873137717,164.44884729655774,168.4210906366863
174.6398274626723,174.8606201733457,164.71665688853597,162.94403437401323
165.75415424069152,174.16744897784687,163.86015533811295,169.0800997454278
170.95517078122407,174.81620182066243,163.56247195009215,172.98273290991722
172.53930885673907,174.14479989000918,163.1306770730169,163.2828995167535
170.53457056525406,174.59534753194708,164.50820977822914,175.00487577093972
167.37423356751344,174.5548866152805,163.07957392196835,173.53765040840182
172.82349742017252,173.75684569207985,163.45622772627456,177.50240309882633
170.5117642455225,173.722219751392,164.1889266622408,168.3607053977497
166.80950628085387,174.15821519520773,163.87652926779097,172.1130422548298
165.83585285719383,173.9904145451868,163.27921962872847,165.63403714056392
176.26015230347943,173.84749026040308,165.65609667568506,168.71697873689024
167.96449056374468,175.0282230806372,164.5296950646499,164.7306396253512
164.43328503824588,174.29814581583094,163.61209727884312,175.3773972122206
171.59977808826096,174.52660929435675,165.61141552825939,162.7587000779551
170.9306907681827,174.680427126699,164.22494078144877,173.0734385778069
165.9384969928322,173.1824731317084,165.00198589051516,166.5817716678072
164.17113075925414,174.82595355036653,165.57825776180366,164.7602954851993
169.6510924485242,174.0295938048766,164.60240402184962,177.30458835808014
173.41818887512827,173.8860035770894,164.53523027853112,170.53479115049927
171.90837210554645,174.3020778065936,167.60217673100806,171.6665518500264
168.52118772751408,174.6246278829768,163.5778664260512,170.97254635055322
167.49743530524688,174.12022062915926,166.1107168761282,173.2628940747375
170.81320027025163,172.49752456890835,164.3395788608983,177.3745918985803
170.47206004164846,174.5563026683789,164.44554569032766,170.31013193094998
171.8891352400782,174.28086974434657,164.4840149406738,176.10455597329803
168.8126061491333,174.31214379866577,164.2337287039854,158.26308755614386
172.6980621596093,173.2649932227668,164.56878964665245,173.1505781318323
167.50756541799126,173.40550440909672,164.102538207258,172.1142409888195
169.0083658996401,174.53866203441143,164.44580870968622,170.90443782450387
172.2224435711777,174.46231664318955,165.7926462715006,170.6354971868138
172.96991482588135,174.34834981992378,163.27956277297477,167.7118730463842
164.18448589563985,174.80497356686953,166.03376735594622,166.88461966047646
170.32157122104846,174.94126624747733,163.87072091031703,175.47823773352602
171.8263370352039,174.14972500425628,163.62819858137794,169.06671612325704
165.6475270595281,172.70585182904068,163.26488639394884,175.9074040476185
171.44187679962565,174.6678452705313,164.87871082084487,168.0653060246431
167.5154771888096,174.88736717918474,167.0030351900575,164.93259408150436
173.0607590364933,174.3054182242196,165.93533847244245,177.23281067887137
171.61544609630792,173.8804203767151,163.6712895059794,169.5075493699723
172.30715688498682,174.31723877543754,164.14591190633217,176.08640366468262
170.3621579878611,174.2498049723584,167.0499046110046,163.83998260145967
172.59094530247327,173.8241729810855,165.1215464440484,171.78959017023624
174.1415435849436,174.4411004865324,165.86423909753555,168.4214997291477
175.89874404636691,174.73534507760468,165.04029705553114,179.77026027916716
169.9148148357528,173.46037728237872,164.06853561670326,176.53844996781467
163.25284672900278,173.18822321186326,166.26427003002016,172.8014242220253
170.09457801378198,173.79033437212487,163.4895317294807,167.4654463865929
170.61668362534994,175.00284466199554,166.45668853822144,174.91750394863152
169.5339639585668,174.44585639723178,164.69283865859185,173.60848428355482
171.70486586233122,174.72076039068293,165.26678174290942,162.76626970939228
173.0320338935428,174.81021691573594,163.60034591092582,175.9398560161879
168.44605270949654,174.51243938799956,163.1674541575576,174.2850295256531
169.11771401853167,173.4912263136288,164.80414524852102,169.06214871333157
171.19352662640102,174.9587341810484,163.92403458611798,181.5599072936895
168.3493287755326,174.27720407525834,164.88385806684184,174.76424236750682
170.27380215046472,173.98542241839195,163.53818643296088,167.4303507896326
164.1148772033441,173.01999677255955,163.05133109176975,174.6557040191215
166.64030083580712,174.9486017678906,165.68190190566483,172.0464921467961
166.01673357318762,173.7972437791109,163.40445537108508,169.12527202777144
167.43912890981827,174.274280019682,163.9524063482671,153.68925332804295
167.920086416208,174.58458697017625,166.63015393258613,167.8420360912082
171.1469154276391,174.54299614154561,163.88702234879395,170.12144845672967
172.94633900756793,173.44791413287217,165.22879851121283,173.61697502774976
167.8178494127374,173.97997554881292,164.7112080074367,171.76315975120016
167.009483052866,172.0131004003307,163.19478019851172,171.13372886835967
166.87493342303148,173.87302693762098,164.58597680876315,177.56605259135029
168.756233820909,174.56977290399496,163.21839882413832,169.73554313064128
169.2829127955423,174.68001336729048,165.0016804427088,164.72159512613223
171.4508526015148,174.66640517119842,163.68980109133648,167.48236326088877
169.03602547349482,174.02531167944977,163.58781942846312,169.07865542812993
163.76453219341994,174.3210290663247,162.95384781856873,167.12657487725804
169.72569717334957,174.0745067104234,165.66196246857194,160.6769147661804
173.56156043195466,172.07190396781337,166.28111585618075,172.97728931721858
173.57480380553096,174.48109658749465,163.8526635321092,173.95765874093175
167.63311034566632,173.85504584827183,163.93391749449117,166.3192129196077
165.35667036908728,174.84203258888223,164.25543464705922,172.18111900855106
177.37418147559583,174.82612774923825,163.95056593944034,168.42164013715987
169.51273417256175,174.2345078957602,164.20522748651575,168.52306617609446
169.70764624968314,174.79350114240884,165.70315508426287,173.02059370281185
171.26172256609445,174.273111943355,163.9219473982279,172.09057452535833
165.15788163014264,173.5644933470026,163.20342578437817,167.08179665431
167.81534266642615,174.5532796705881,162.91099858858115,112.68106167595226
165.37867278412998,174.4410026072598,163.48653041897325,125.433130211432
167.9207161579682,174.27532985460135,169.70213685912935,110.00929998322776
170.3565482990137,173.2715154074831,163.31707196826605,112.95712774853821
165.90587162603927,174.96724270307044,164.07185099081767,133.83111960058295
171.76994803810194,172.75194561098814,163.8913791286569,121.60304203231935
170.86803208645202,174.8752633392285,165.176377450163,115.56211140901857
167.28735492313808,173.0751003693054,163.78943921368048,108.22108637780977
170.67897482714318,173.9104186883133,163.3816018883411,127.17310412342599
172.24424348748153,174.69122546558776,163.8512917431025,114.46204788418531
173.18328575978524,173.43318608843026,164.23689828454704,120.96881581246045
169.36145516406043,174.4542309079182,165.57368534298868,131.90124282954687
169.71908961826685,173.42572735939777,163.7479235562244,117.80484412086997
169.73985759505422,174.97082690819,164.8646449083602,130.31149254711448
174.32438526816514,173.72021643495265,164.33309365272694,108.5390495631001
173.375215676834,173.7697548881548,163.5967014865123,102.37092701460497
172.5032047032711,174.90363406620713,163.31635813485406,123.27249969745338
169.1379776004779,174.8109646990469,163.89081394403672,131.90378384977964
171.1197243024992,174.3542390326135,162.8508412514068,114.73651598559252
171.2098709936621,173.90548826256654,165.1544200330655,117.44866005923217
166.87498011713203,174.13593215459218,165.38467145020644,129.2610990072109
164.81508645403778,174.86180509173806,165.1257423573397,115.4538895921064
171.92549008295484,174.1202147649897,162.79547178365783,108.79778481974833
165.41206840645873,174.33660326610905,165.4966829169841,111.74235145338345
170.00505106545262,174.65580281036932,164.07561945514388,118.27006365799035
170.750743464045,174.4805067763263,164.14794577917917,104.51183488843722
171.69160217091766,174.95841922965215,163.5485746707549,128.0875304376592
170.56827871254444,174.51894300480362,163.3795318549102,125.7399410433919
167.8014385811086,174.38852367836,164.290113398139,128.42630663866925
172.9590975796864,174.66147810298145,164.46352076958047,135.45539174096766
175.21590130071874,175.02046531279564,164.63654676666994,129.87465824766582
172.64353642677634,173.8395712433354,165.10334621822184,134.4799889338711
164.16904729602808,174.62268640206386,164.89927314984,116.49746507245789
174.19872855620883,174.24546450788472,163.15968250472662,131.60468170676893
169.83183216144118,174.19495558626429,164.58460337137845,106.49886773087587
171.57474283795787,173.69343306307718,163.6598591348122,126.1349124249014
171.8660997076132,173.8410156532389,163.00035410517273,136.57940058998994
169.7099417803799,173.33364836573136,165.36407078875368,140.5741997137662
169.77421040705383,174.74545261339267,164.60709421580597,122.90955961767678
173.0574712079927,174.73593215270495,164.00018060050016,127.6451131462061
172.13480576745874,173.73403383836785,163.7850728334742,109.21381003999822
172.9707867381327,175.08608333026183,163.62984227134586,104.66239982449521
177.148780085691,174.14027236863436,167.25643820302594,119.87659144457614
171.99324759108225,173.52055796695547,165.66769379446535,122.92900802591757
170.62214347215593,174.39997498517025,167.11533374422538,118.6754898743957
163.36810066827314,172.8710319596082,164.60801098895348,111.9761015782484
178.07514200973836,174.33565462110985,163.9618784147902,107.77784630884689
168.5519695346111,173.8545192446772,163.42405040666145,129.4124419303791
177.12420414528617,173.57630130908962,163.26542228992344,130.05979910116397
171.12393070401495,173.5092580478956,163.12919366194075,118.40862060247497
174.6152905966904,174.28449311788856,164.52147375336665,136.81094692146166
169.6708690364713,174.33256595329692,165.41042330305933,120.15323009132523
171.53441226409439,174.25896839764616,164.73885687296928,129.77118793831966
170.64187393892678,174.90784331362082,165.4099149357884,113.28596441745783
169.44163790187952,173.69097240511,163.95212321223804,126.05766130429276
169.63881852613252,172.92169246427642,163.86231374982154,126.60152576360035
173.03850300753277,174.61202481494678,164.21533954483542,122.89679285846421
169.3956255590855,174.54351734642447,165.54278136610105,130.9095134492324
163.8869525166776,174.75814211507438,164.43911016971074,118.66598033763617
169.41233225351053,174.16735323269293,164.059985183289,99.93921690329962
171.61937181660883,173.6278994098145,164.12958705125283,116.63264754811317
171.84936714905433,174.2907199763018,163.61151635470492,127.5926864129989
171.8497034524323,173.60632509195247,164.6732414938389,101.25895389357692
164.92369543739275,174.10574429051383,166.26085306475383,102.84886195674392
171.1062261740336,174.71502152977996,164.29653547878576,120.22794423145189
172.90357762984118,174.63318333541213,162.9200496403156,121.20618840406489
173.82973604440298,174.51847357864318,163.41495855338235,132.19051127351426
169.32511618686766,174.725852206024,163.07249764648833,119.38535544954212
169.0343222414516,174.89609924224763,164.6789999190842,125.07967691166117
174.46351349563412,174.03011354582594,165.43122545057813,122.7328335419751
164.99621586266204,172.55678084474422,163.12466288732838,127.44498787583579
168.68951006926062,173.24731281937787,165.55861369876249,129.16152839032716
171.37238623807235,173.93519754280274,164.36703620610854,106.6629698604211
165.1466787038563,173.6504776192443,165.11712853910478,113.16504526751461
170.83888358729527,174.6454218209619,166.183078720463,129.1867062999604
175.63359206315658,174.76228212329144,163.2620617535304,98.33008192948404
169.98781803969098,174.20569916937131,163.2228687231954,94.31135304821325
169.16463792510925,174.1573411656815,162.93531062504206,121.36214512891789
171.42473514210215,173.31823238519576,163.90905023040597,120.33536995485771
169.16278348763808,174.2155228733705,165.90757651829804,116.52575873815067
172.4402011222372,173.8626402360523,164.67990309092642,128.48284366708694
172.7133063933491,174.91225740642244,163.3421773866471,131.9226331534088
170.00807498369036,174.7245195973319,163.46548032662204,129.9353881537237
166.46992352675082,174.90418359174797,163.12311268118947,118.23391547465057
166.04533781762274,174.6135244629199,163.71913708463634,119.72883198276622
168.22100790303404,174.56613423652442,164.61330856330378,123.0496337447464
172.39214150164952,174.36851315351714,166.80527243188232,98.73791224968066
164.1253844760292,174.36067820584327,164.7149687104737,109.9581911434206
164.34102452380236,174.24949697627633,165.246576327083,127.96863123179804
168.03866052571968,174.21229078748365,164.70176971629454,122.47119563177412
171.18318454394176,173.80210196521793,165.0298924566175,106.9732571605047
167.25930185550502,174.40285028654992,167.14033139604624,132.88978498161865
172.66024711128819,174.61759469701428,163.97590974566785,124.89780626058942
171.00010991046554,173.8637845603299,164.37374181768914,113.97646545823146
169.48808114528418,174.49929553786686,163.2408505659851,120.11292028561473
172.45648440959533,174.84153766019665,163.17074058103495,120.6683173560558
171.1650954884581,172.80160168332444,166.69914496601106,117.02130728733974
168.66219491836353,172.97700337356102,163.44347676572727,118.17166767699226
170.6933448032545,174.41737558072617,166.85145266232195,118.5170982646687
171.94254007393278,173.51325434125616,164.1049048947856,126.60093459318622
171.06885003458615,173.44116664000248,164.93548834131485,129.99654436310686
168.02596937615155,173.74175015947503,165.34931899988598,125.52109462476014
172.56560661519256,173.3590560266431,165.44679888127357,137.4588497893553
173.45880867667586,174.54320453475964,163.71980088467765,126.20484014298819
170.82882366963,174.63887059995653,164.34726982537174,123.22623762157625
170.43231398738655,172.53983796789558,164.35510075473306,128.40445369361456
169.7731247576605,174.47306204002973,165.43820212079254,118.64288435979111
176.48424753890836,174.70521151934918,164.0030880147501,127.32306087714431
170.82894659640738,173.4519280225463,165.22054133826083,140.05172078052541
169.52511791390017,174.32138510749442,164.71188127727848,117.91911387126287
162.47624659340823,173.82322454705837,164.2342866082976,130.3446706476585
165.3041547049084,173.65687499488152,164.8810670316637,120.24837182346866
169.7669803981683,174.48683052550166,164.26517739602437,112.52106621239362
170.6188821345293,173.96983570400195,163.5770053734367,131.33690295040196
170.83061737658485,173.88811532795282,164.46308577752234,124.59163784267842
172.46452034134586,174.57002508317794,165.5702274254054,116.83189631498469
169.41754277203864,173.96348674617252,167.60440210259472,137.61591854327668
173.64376638344768,173.78257664381104,164.03001637079444,101.4341814173366
167.23545187139126,173.9164748296541,165.7825831008106,119.37144634023777
166.3746718386708,174.67567406313805,164.08514030951105,117.9157489236679
166.31304146733856,173.72663853466517,165.7615323820736,118.6916536488708
172.22689107255957,174.24808402551074,167.64474467690482,121.21222119189233
169.75124017298234,174.32319234735374,165.8689272253121,138.61736345094383
172.3694537654615,174.92104089143945,163.12248330204957,99.24502953875685
169.19688073532873,174.91142907666855,163.26614149846205,130.37200745339578
168.22432369336155,174.5700929004452,165.9117699183229,112.3965929955749
168.8949422746205,173.64543311387524,163.7931739652039,129.42171680937315
164.4421495272748,174.61744012761437,163.26172938671814,115.52591180861786
166.49115421875766,174.90569669751235,164.9337003235685,128.6170815769835
165.67389606092465,174.61530875835672,165.58275590803473,117.7807539726761
173.16296681592604,174.3699599354025,164.36959090616037,113.89548252278757
168.2080097259116,173.87566301559264,164.0030942138874,107.71772190870094
172.36837955837055,173.254827868863,163.6501025803938,110.02395628080092
174.54947180507588,174.47214913729383,165.4535646389402,116.37115377083623
169.42467557267017,175.06897440763132,165.03126778202318,119.59650730127423
170.85163671905704,175.07494932613102,165.59971003325612,125.14331649330583
164.74679744181176,174.09427991301368,163.74980651373434,119.23749749205325
167.5439906674406,174.12690253502035,163.75088842302338,132.32420977688827
170.1686445481485,174.1995188269875,164.2739595824147,107.60133335398763
170.89726071000845,174.7570072820597,165.72554032347608,125.5487533609341
167.72180564810336,174.3897312301743,163.44229232752667,129.1666682205478
178.05457699768039,174.56047449822915,164.1088771907366,125.10265148781819
168.62482958272284,174.2271460752505,164.19332501946386,118.70962865294838
170.19273066989012,174.56933988559265,164.48715787066894,114.94630112249733
171.94937560146056,173.0456428703027,164.5596081825555,105.9038907451777
169.92194409567801,173.35643662888288,165.40081690770242,104.56341296934119
168.06929783891866,174.48483105622032,165.4092838834909,126.98620225191372
173.13591699188993,174.41572995284696,166.08114826999915,116.8187392886983
174.84663596962162,172.42750000094733,164.60005266637359,104.85705272176757
169.9109180868505,174.64484387962023,164.32554667422485,125.15379385755986
171.6868020362092,173.01201457752052,166.80745796443225,127.8960679651976
169.7077625044921,173.35561389255858,165.82105767187,98.48996824696168
173.0493656531065,174.1039992462157,165.64870138421384,138.3821878632785
166.53149781722044,174.573525176236,163.56398145057304,132.35085497621748
176.96258067198343,174.02055848274287,164.6131776550921,107.33740368045962
168.18940625663498,174.4334158986305,164.49808185383418,111.95778981950765
165.6234517566857,174.23397585041278,163.1686468582246,122.08349483346782
168.9472465184208,174.75773501065822,164.81805226533587,123.64411956681045
170.440125452435,173.68879011080534,163.87907161518856,108.09466786691367
174.8708636230407,173.57058105451011,163.4348943840707,113.62895019289637
172.73362903031395,173.61285013393186,163.85897407831706,150.8373953891157
170.42737529613737,173.7841785440158,164.37481823173354,129.37498171832294
165.83154942803552,173.7020396064096,165.33955252858624,133.90537986825737
167.40188676598365,174.47715512349743,167.31299298961133,112.06575166479978
169.5101452033121,174.37865463390835,164.24352391124773,116.92367276704799
177.65907834038177,173.23565640606859,163.68762575198033,106.48622157856951
164.41931727734476,174.32138528652357,164.09860178106484,123.62437281539337
173.39316395553806,174.22128056944086,163.23447055467216,119.49751023235437
168.41829722829823,173.34348714166526,165.0097892904524,143.11819445938437
174.99797269996225,174.80856213559767,163.708001742169,116.81836669006199
166.5823980800798,174.55715967166034,168.786232979588,120.10704375169905
170.43086970398824,174.68249546061648,164.5775295536133,110.5881421082412
166.70134717489174,172.7234834063875,165.281900942837,122.30341910610584
172.71054927908503,174.95277466971461,165.79471914337094,112.16149048877067
174.45133846621425,173.40004745165714,165.13595533259183,109.61550678391376
175.85216301920346,173.94486493300215,163.3613985736939,118.95805251389211
172.39280197276855,174.00521240306816,163.05504258463253,110.96697389362207
175.52979876373345,174.86888728094289,162.9560627584856,111.37510820225619
173.73927172598493,173.96598389200133,165.42360052348764,125.09764084775348
169.60437526452796,174.43388328027808,163.34501746071211,130.88879967105663
171.4311117148541,174.37176980648715,165.64811573247061,128.68983501540316
167.0840173655722,173.91246832939277,163.52204422444294,119.94826747706358
169.44439349179703,173.84516842941585,163.75121852181044,120.91040539653883
173.66289112504646,174.61115275958198,164.29320676095193,112.42454326795865
171.62385243044704,174.47842736014056,165.48015784837008,122.95147004062264
171.372071994876,174.75795296651506,162.9729181946265,129.9870458383686
166.88560688093838,174.9311703158655,165.62146863086417,110.28108742377673
168.18646030899765,174.50646815684425,163.43624635474566,129.99246299474132
167.7061819587393,173.87190253871336,165.002562416963,113.50303217644391
171.1858876100405,174.96706505872274,164.29611680962964,124.30202610728404
167.02847710860033,174.79223928765933,164.28572294638974,106.11558060491252
171.68612417029715,174.05404398283804,165.1693330487147,121.71146054168896
166.6507507641994,174.108684855206,164.24218614689363,133.1070146790882
175.48559137440608,174.5426981430501,164.48308221613482,119.21753512678035
171.38177404843432,174.0669795905025,164.31019072121038,104.172365323046
167.8969891632402,174.1715964771172,163.69493982072657,136.3136643986826
170.72313779750368,174.93567296452815,164.3983291881014,111.78079180669052
168.94264040231613,174.62871574644973,169.28048580637522,110.19496650848147
171.11344387927898,174.35837962578626,163.31709081927278,113.84495582843738
170.7305981562809,174.85018954176098,163.7029247010971,110.04435596736951
166.95765748201558,174.7570038578151,164.28087299907193,121.97233803889115
167.6260583635416,173.4463562190446,166.10159468556841,123.33169281179697
170.8987810542187,174.62941404052108,163.01679099699862,116.38895616121451
174.9171557262547,174.66843690612194,165.80562582691283,128.22325056303154
173.25385102601277,174.77736571586973,165.66204688796236,124.4579358311539
168.12629757914573,174.7692127364341,164.4678206241837,107.20859054473976
172.4777687049425,174.3897318638411,163.26436069190962,126.59617730648756
169.85429494173113,173.77593092800635,163.48373423157906,107.01003574601224
170.9039409551552,174.87889401658174,164.4008853583739,119.16220668166326
170.78108447220967,173.8611417413686,165.57291911606774,117.26525523315546
177.72634929117018,174.9850040709631,163.39695498479398,112.01136721830878
166.44413356823833,174.48269656537505,164.5756881583428,131.2619804153917
170.30275957703856,173.79406141608706,164.1859424326889,120.25803207837454
164.66006813609715,174.333911403932,163.8809876778241,125.18567097096957
171.76950776887628,174.5406872345509,166.79091094803496,119.54804723066538
173.28982541516422,172.71034273833925,164.77407627130506,111.15694567648897
174.33698672330345,173.81501062017196,164.10291136178998,125.81194816879209
164.22456424448865,174.77325801527675,163.34266153442354,112.0314657667292
171.2383084915821,173.15280691599565,162.80300849089036,128.49550949134465
174.78010985415096,172.5569298765456,163.16157965994785,144.17070611163092
168.7579524108731,173.7876118064836,163.91947741124105,123.43170309743907
169.36354840375415,174.7660075835783,164.12104803519355,126.74747490285039
169.89038833338577,174.5977649993769,163.1673195202798,124.37213652427764
171.0950562542991,174.5887647552476,164.59573260088484,132.5095003389709
171.9954796272379,174.44365073978008,163.13108640962042,107.50817550940066
173.95346265113446,174.59850727337812,163.63196529983534,110.43413177458714
169.71353722866502,174.8703771448486,164.17301189900502,120.73919833816498
170.5888341364174,172.64876806488908,163.47583724262057,119.40265454809142
177.46399363166438,174.4698239299996,164.4967054546748,108.49132293622435
171.29329678434496,174.25345894156393,165.3782466583803,102.46202735247927
170.5662593279895,174.92330127403883,166.19372683335496,115.28367508329681
165.97327062414965,174.0627074210922,166.17824487137278,136.4517537794029
170.0085681428667,174.9456686332365,164.48840494944608,142.44163630391077
169.33602154049936,174.91846638698703,163.1736291276649,128.35205346303624
169.96686251057187,173.44064564437124,164.04178378306494,103.79672766357866
168.2737470761865,172.59789504863005,165.8277492612614,127.49614934060325
167.9395530426719,174.96264895964802,163.62451852515164,114.59816384315022
167.83767910453963,174.29831215632453,165.01592000588636,121.28002504049283
169.35648645380067,174.46857509495183,165.6653888458662,126.77509852574167
174.1043979440859,174.6569011242037,163.28561172109653,136.59932782815898
173.147259879678,173.9448394921963,166.79439597943556,121.34384603027272
168.92007464617083,174.32403360843273,166.78860951990453,112.96578731764048
164.9422506363838,174.70786392469356,163.7057595294718,127.64942458548994
167.46624971439215,174.83366134027602,165.01453104234218,128.19763821351808
168.62671840027846,173.51459984599074,164.18150036992705,129.0384367241533
170.31091401268492,174.79045400247279,164.8898901985855,131.43791084897993
168.01217817289756,173.7259641079034,164.632828546133,122.8875360181958
176.02004207249567,174.77177338419193,163.46137664033557,110.56736157357629
169.18319739674496,173.89341320988,168.15623872214692,121.33218261122488
166.35816658928147,173.60682896325213,163.1094245661571,102.37863041381542
169.57621472815245,173.53669932439908,164.46993694966747,131.50804639386055
166.98386725521976,173.87811523095644,163.72152026157534,125.05667226698908
170.46846712182597,174.88939784593032,162.91241657321575,127.02695839014471
170.70090084226962,173.33735883960094,163.2250816349963,121.61088256522706
171.06676283488514,174.09101248713282,164.16503530585442,96.08776011027707
165.13442522262736,173.87981653550105,165.09781269922473,113.9031338694992
170.66213387291194,174.46377916466054,165.6199466717722,129.4432357148698
170.93135024162493,173.02549458624125,163.88853041451517,117.26305639842877
165.73667465748653,174.5708062768489,166.38785739914528,128.37035825524316
172.86609691919122,173.65341703623102,165.64033116160053,110.62376010880038
172.352512637283,173.9020471735448,163.35395364559307,122.58120818631158
176.89885808346332,174.76634443385558,163.48524757985552,114.51973288377023
170.47010896212717,174.1733599396056,164.11915216120124,113.5084463745485
170.140200582554,174.10045191287378,163.84690197120725,118.14164455618355
170.2897575022473,173.1514236810314,163.35488025345163,137.14761218376282
170.2092986927009,174.34146123037993,163.28648445402928,121.72215159503044
164.454581673987,173.81789918918312,163.6811620908187,122.22438460532847
164.98661882407328,174.81527286567928,166.68178711722155,135.91841090490334
169.7673830996264,174.5596956166711,164.96876530767665,117.12305094077111
168.2567978583005,174.85536692689865,167.3140566063069,125.17725254590259
170.16420957517226,174.30930320327536,165.0153750957112,112.76909147745612
163.6663748802184,174.75587785041571,166.59473414464097,128.48355575369828
165.50390523641974,174.58745151184294,165.17110800039103,106.53018791628263
166.69554968318377,174.4881286289163,163.1987239516244,119.4417393429647
172.95817466318073,173.67102049066597,163.2966094899962,131.27717979498317
166.70452997872965,174.6266758009757,164.3475827635527,133.38439522525837
167.60145813927042,174.38525899786865,163.05107350410253,119.1352872788897
170.23962145602215,174.2805095872409,165.09829947581727,96.10256363381376
169.03176091452468,174.38939949105907,164.76820373171049,136.45248873597885
170.4392515360039,173.90170655298803,163.5493726754338,113.77458295520901
176.9151859461371,174.43133888429554,164.7194863834957,127.18177150412893
166.6261889862253,174.621995228914,165.21817372163588,103.0335715809376
169.0835910802706,173.63624845840783,167.43696815820448,115.53846024144426
168.4497216507688,173.65978446597032,166.06977755599846,136.31060732402915
174.53718628049737,174.76355015662267,165.31052310314325,123.4293619887045
167.69154523132917,173.25915919146303,163.6957616912001,123.43554315548721
169.75373928867285,173.07544017780236,164.86487846453952,128.9798424977255
172.36140084296812,173.66358949543462,166.02228763507716,106.35266366955108
166.8242283921548,174.6237571086123,165.54529574566496,120.3177687331693
174.96552744722604,173.5506554689891,163.78763434140757,124.74874628893389
172.02728724642273,173.09768189195893,164.30382181800667,131.32839577725483
166.77738017140894,172.46271097030422,164.3064110881226,111.90601221762888
171.3637334271732,174.97989920407596,163.26985255815748,122.34239931509359
169.3600785703008,174.8579901763814,163.7447814564418,126.66254011057846
170.939686315983,174.8840940018538,164.32967181926213,157.1572072587951
169.73007440895302,173.67106687322377,163.59268693052235,135.89867838075435
173.21154811033503,174.50003892738368,163.00512494926247,96.29413365679255
165.94669884289,174.14805938247335,165.67186663757246,120.17227412864375
168.43214990841224,174.58402972171467,166.20761238766102,121.91082073762915
169.2524279667338,173.75812525668906,165.5742639887624,128.18162217902653
